{"bindsJson":{"0":{"bUseCheat":false,"bindTexts":[],"keyCombo.m_keys":[],"sCheat":""},"1":{"bUseCheat":false,"bindTexts":["/key"],"keyCombo.m_keys":[111],"sCheat":""},"2":{"bUseCheat":false,"bindTexts":["/lock 1"],"keyCombo.m_keys":[106],"sCheat":""}},"commandsJson":{"0":{"commandsTexts":[[" / do Аптечка в кармане",false],[" / me достал аптечку",false],[" / do Аптечка в руках",false],[" / healme",false]],"shortCmd":"hl"},"1":{"commandsTexts":[[" / do Маска в кармане",false],[" / me достал маску",false],[" / do Маска в руках",false],[" / mask",false]],"shortCmd":"ms"}},"iBinderDelay":500,"iCommandsDelay":500,"isBinderEnabled":true,"isCommandsEnabled":false}